L,alpha,y_CO2,G,w_MEA,CO2_Cap,Sim_time,L_G,CO2_Error
173.2664807,0.158196167,0.06972159,78.7607136,0.305531108,0.9433,17.6,2.199909991,0.0242
176.7716931,0.158196167,0.06972159,78.7607136,0.305531108,0.9477,14.7,2.244414569,0.0013
173.2664807,0.154997845,0.06972159,78.7607136,0.305531108,0.9492,10.9,2.199909991,0.017
173.2664807,0.158196167,0.071648635,78.7607136,0.305531108,0.9235,17.6,2.199909991,0.026
173.2664807,0.158196167,0.06972159,88.65899179,0.305531108,0.8444,11.5,1.954302403,0.0144
173.2664807,0.158196167,0.06972159,78.7607136,0.31013331,0.9536,11.2,2.199909991,0.0041
173.2664807,0.154997845,0.071648635,88.65899179,0.31013331,0.8411,13.4,1.954302403,0.0006
176.7716931,0.158196167,0.071648635,88.65899179,0.31013331,0.8397,11.8,1.993838296,0.0021
176.7716931,0.154997845,0.06972159,88.65899179,0.31013331,0.8652,15.6,1.993838296,0.0007
176.7716931,0.154997845,0.071648635,78.7607136,0.31013331,0.9445,13.2,2.244414569,0.0083
176.7716931,0.154997845,0.071648635,88.65899179,0.305531108,0.8355,15.1,1.993838296,0.0015
176.7716931,0.154997845,0.071648635,88.65899179,0.31013331,0.8456,11.4,1.993838296,0.0017
196.6532469,0.136683584,0.079472334,91.93371534,0.297134382,0.7677,9.2,2.139076466,0.003
200.0172639,0.136683584,0.079472334,91.93371534,0.297134382,0.77,14.3,2.175668232,0.004
196.6532469,0.133943514,0.079472334,91.93371534,0.297134382,0.7724,9.8,2.139076466,0.0104
196.6532469,0.136683584,0.060808509,91.93371534,0.297134382,0.9582,12.4,2.139076466,0.0073
196.6532469,0.136683584,0.079472334,82.42594481,0.297134382,0.8536,13.3,2.385817322,0.0118
196.6532469,0.136683584,0.079472334,91.93371534,0.280051801,0.7329,12.4,2.139076466,0.0167
196.6532469,0.133943514,0.060808509,82.42594481,0.280051801,0.9935,215,2.385817322,0.0214
200.0172639,0.136683584,0.060808509,82.42594481,0.280051801,0.9926,95.8,2.42662992,0.0142
200.0172639,0.133943514,0.079472334,82.42594481,0.280051801,0.8227,11.9,2.42662992,0.0052
200.0172639,0.133943514,0.060808509,91.93371534,0.280051801,0.9275,10.6,2.175668232,0.0044
200.0172639,0.133943514,0.060808509,82.42594481,0.297134382,0.999,422.3,2.42662992,0.0189
200.0172639,0.133943514,0.060808509,82.42594481,0.280051801,0.994,142.6,2.42662992,0.0121
194.032104,0.166389139,0.06271181,84.51877296,0.280700691,0.9099,15.2,2.295727886,0.0054
187.5524569,0.166389139,0.06271181,84.51877296,0.280700691,0.9033,10.7,2.219062704,0.0005
194.032104,0.160484767,0.06271181,84.51877296,0.280700691,0.9215,15.5,2.295727886,0.0121
194.032104,0.166389139,0.068228098,84.51877296,0.280700691,0.8487,14.9,2.295727886,0.0025
194.032104,0.166389139,0.06271181,78.17165762,0.280700691,0.9714,10.7,2.482128561,0.0126
194.032104,0.166389139,0.06271181,84.51877296,0.290263152,0.9333,10,2.295727886,0.0003
194.032104,0.160484767,0.068228098,78.17165762,0.290263152,0.9478,9.5,2.482128561,0.0032
187.5524569,0.166389139,0.068228098,78.17165762,0.290263152,0.9306,13.8,2.39923858,0.0115
187.5524569,0.160484767,0.06271181,78.17165762,0.290263152,0.9909,17.4,2.39923858,0.0136
187.5524569,0.160484767,0.068228098,84.51877296,0.290263152,0.877,8.3,2.219062704,0.0023
187.5524569,0.160484767,0.068228098,78.17165762,0.280700691,0.9183,9.9,2.39923858,0.0032
187.5524569,0.160484767,0.068228098,78.17165762,0.290263152,0.942,10.1,2.39923858,0.0175
176.2092984,0.148486968,0.073117459,86.34411216,0.311671641,0.867,13.6,2.04077955,0.0008
174.2376828,0.148486968,0.073117459,86.34411216,0.311671641,0.8644,13.4,2.017945155,0.0005
176.2092984,0.14091508,0.073117459,86.34411216,0.311671641,0.8809,9.4,2.04077955,0.0007
176.2092984,0.148486968,0.079224464,86.34411216,0.311671641,0.8091,10.5,2.04077955,0.0032
176.2092984,0.148486968,0.073117459,91.97280645,0.311671641,0.8158,13.8,1.915884762,0.0101
176.2092984,0.148486968,0.073117459,86.34411216,0.300176737,0.8413,15.3,2.04077955,0.0162
176.2092984,0.14091508,0.079224464,91.97280645,0.300176737,0.7502,8.5,1.915884762,0.0274
174.2376828,0.148486968,0.079224464,91.97280645,0.300176737,0.7355,13.9,1.894447821,0.0218
174.2376828,0.14091508,0.073117459,91.97280645,0.300176737,0.8017,16.1,1.894447821,0.0036
174.2376828,0.14091508,0.079224464,86.34411216,0.300176737,0.7955,11.5,2.017945155,0.0129
174.2376828,0.14091508,0.079224464,91.97280645,0.311671641,0.7708,14.7,1.894447821,0.0033
174.2376828,0.14091508,0.079224464,91.97280645,0.300176737,0.7477,9.4,1.894447821,0.0038
181.9392633,0.164683619,0.077330321,88.98150325,0.318829799,0.7943,8.5,2.04468633,0.007
182.0789695,0.164683619,0.077330321,88.98150325,0.318829799,0.7944,8.3,2.046256388,0.0037
181.9392633,0.167058208,0.077330321,88.98150325,0.318829799,0.79,11,2.04468633,0.0005
181.9392633,0.164683619,0.066578124,88.98150325,0.318829799,0.9025,10,2.04468633,0.0008
181.9392633,0.164683619,0.077330321,75.59249535,0.318829799,0.9284,9.4,2.406842935,0.0041
181.9392633,0.164683619,0.077330321,88.98150325,0.285031836,0.7254,12.5,2.04468633,0.0097
181.9392633,0.167058208,0.066578124,75.59249535,0.285031836,0.9547,10.2,2.406842935,0.0178
182.0789695,0.164683619,0.066578124,75.59249535,0.285031836,0.9593,11.3,2.408691083,0.0243
182.0789695,0.167058208,0.077330321,75.59249535,0.285031836,0.8461,9.5,2.408691083,0.007
182.0789695,0.167058208,0.066578124,88.98150325,0.285031836,0.8207,9.7,2.046256388,0.0038
182.0789695,0.167058208,0.066578124,75.59249535,0.318829799,0.997,698.3,2.408691083,1.9999
182.0789695,0.167058208,0.066578124,75.59249535,0.285031836,0.9547,9.4,2.408691083,0.004
187.8284669,0.140514755,0.066914894,82.03793585,0.288484145,0.9489,11.2,2.289531848,0.0012
195.9404659,0.140514755,0.066914894,82.03793585,0.288484145,0.9558,14,2.38841292,0.0029
187.8284669,0.146863595,0.066914894,82.03793585,0.288484145,0.9375,9.8,2.289531848,0.0056
187.8284669,0.140514755,0.075893666,82.03793585,0.288484145,0.8568,9.4,2.289531848,0.0143
187.8284669,0.140514755,0.066914894,94.24252033,0.288484145,0.8352,13.3,1.993033147,0.0137
187.8284669,0.140514755,0.066914894,82.03793585,0.315113897,0.9934,279.9,2.289531848,0.009
187.8284669,0.146863595,0.075893666,94.24252033,0.315113897,0.7919,8.7,1.993033147,0.0038
195.9404659,0.140514755,0.075893666,94.24252033,0.315113897,0.8091,14.4,2.079108933,0.0088
195.9404659,0.146863595,0.066914894,94.24252033,0.315113897,0.8893,8.3,2.079108933,0.0079
195.9404659,0.146863595,0.075893666,82.03793585,0.315113897,0.9111,9.9,2.38841292,0.0177
195.9404659,0.146863595,0.075893666,94.24252033,0.288484145,0.7452,15,2.079108933,0.0037
195.9404659,0.146863595,0.075893666,94.24252033,0.315113897,0.7981,9.5,2.079108933,0.0111
200.1957417,0.150223873,0.070237509,94.61015701,0.294936886,0.8057,13.5,2.116006864,0.0029
193.4847331,0.150223873,0.070237509,94.61015701,0.294936886,0.8007,15.8,2.045073586,0.0076
200.1957417,0.157779777,0.070237509,94.61015701,0.294936886,0.7923,9.4,2.116006864,0.0027
200.1957417,0.150223873,0.073161882,94.61015701,0.294936886,0.777,14.7,2.116006864,0.0025
200.1957417,0.150223873,0.070237509,85.14414668,0.294936886,0.8912,9.8,2.351256657,0.0218
200.1957417,0.150223873,0.070237509,94.61015701,0.305196168,0.8274,12,2.116006864,0.004
200.1957417,0.157779777,0.073161882,85.14414668,0.305196168,0.8686,18.4,2.351256657,0.0006
193.4847331,0.150223873,0.073161882,85.14414668,0.305196168,0.878,9.8,2.27243728,0.0016
193.4847331,0.157779777,0.070237509,85.14414668,0.305196168,0.8947,16,2.27243728,0.0103
193.4847331,0.157779777,0.073161882,94.61015701,0.305196168,0.7802,12.4,2.045073586,0.0158
193.4847331,0.157779777,0.073161882,85.14414668,0.294936886,0.841,15.5,2.27243728,0.0043
193.4847331,0.157779777,0.073161882,85.14414668,0.305196168,0.8638,12.1,2.27243728,0.0015
169.8753908,0.134978145,0.060496524,76.55332416,0.302708907,0.9999,671.2,2.219046562,0.0648
169.5358843,0.134978145,0.060496524,76.55332416,0.302708907,0.9998,711.9,2.214611659,3.8413
169.8753908,0.138600525,0.060496524,76.55332416,0.302708907,0.9999,451.6,2.219046562,0.07
169.8753908,0.134978145,0.0643151,76.55332416,0.302708907,0.9996,457.8,2.219046562,0.0213
169.8753908,0.134978145,0.060496524,83.75023842,0.302708907,0.9975,535.6,2.028357101,0.011
169.8753908,0.134978145,0.060496524,76.55332416,0.295283098,0.9998,516.7,2.219046562,0.0114
169.8753908,0.138600525,0.0643151,83.75023842,0.295283098,0.9577,12.7,2.028357101,0.0033
169.5358843,0.134978145,0.0643151,83.75023842,0.295283098,0.9632,18.2,2.024303303,0.0098
169.5358843,0.138600525,0.060496524,83.75023842,0.295283098,0.9907,130.4,2.024303303,0.009
169.5358843,0.138600525,0.0643151,76.55332416,0.295283098,0.9985,367.8,2.214611659,0.0271
169.5358843,0.138600525,0.0643151,83.75023842,0.302708907,0.9732,12.1,2.024303303,0.0252
169.5358843,0.138600525,0.0643151,83.75023842,0.295283098,0.9573,11.1,2.024303303,0.0249
165.1263519,0.16814465,0.072475499,80.86382389,0.297640824,0.8415,12.8,2.04202997,0.0043
171.6395748,0.16814465,0.072475499,80.86382389,0.297640824,0.8518,11.2,2.122575541,0.0106
165.1263519,0.168188987,0.072475499,80.86382389,0.297640824,0.8414,13,2.04202997,0.0033
165.1263519,0.16814465,0.065933805,80.86382389,0.297640824,0.9118,10,2.04202997,0.013
165.1263519,0.16814465,0.072475499,76.62869126,0.297640824,0.8862,16.6,2.154889366,0
165.1263519,0.16814465,0.072475499,80.86382389,0.303596799,0.8559,15.7,2.04202997,0.0095
165.1263519,0.168188987,0.065933805,76.62869126,0.303596799,0.9701,16.2,2.154889366,0.0034
171.6395748,0.16814465,0.065933805,76.62869126,0.303596799,0.9786,15.8,2.239886548,0.0246
171.6395748,0.168188987,0.072475499,76.62869126,0.303596799,0.9108,15,2.239886548,0.0098
171.6395748,0.168188987,0.065933805,80.86382389,0.303596799,0.9366,13.4,2.122575541,0.025
171.6395748,0.168188987,0.065933805,76.62869126,0.297640824,0.9658,16.7,2.239886548,0.0045
171.6395748,0.168188987,0.065933805,76.62869126,0.303596799,0.9784,13.2,2.239886548,0.0208
204.8024774,0.146652093,0.062109053,87.8069818,0.309712162,0.9859,10.5,2.332416775,0.0174
185.1884151,0.146652093,0.062109053,87.8069818,0.309712162,0.9777,13.4,2.109039751,0.003
204.8024774,0.147916062,0.062109053,87.8069818,0.309712162,0.9847,11.1,2.332416775,0.0186
204.8024774,0.146652093,0.076616374,87.8069818,0.309712162,0.8425,10.2,2.332416775,0.0014
204.8024774,0.146652093,0.062109053,92.89077282,0.309712162,0.9494,14.5,2.204766643,0.0169
204.8024774,0.146652093,0.062109053,87.8069818,0.293678159,0.9599,14.8,2.332416775,0.0116
204.8024774,0.147916062,0.076616374,92.89077282,0.293678159,0.7645,12.8,2.204766643,0.0091
185.1884151,0.146652093,0.076616374,92.89077282,0.293678159,0.7516,12.8,1.993614752,0.0027
185.1884151,0.147916062,0.062109053,92.89077282,0.293678159,0.8969,12.6,1.993614752,0.0008
185.1884151,0.147916062,0.076616374,87.8069818,0.293678159,0.792,15.4,2.109039751,0.0051
185.1884151,0.147916062,0.076616374,92.89077282,0.309712162,0.782,11,1.993614752,0.0028
185.1884151,0.147916062,0.076616374,92.89077282,0.293678159,0.7495,13.4,1.993614752,0.0032
187.1722364,0.156361916,0.075114151,75.23271862,0.313747911,0.963,14.2,2.487910046,0.0216
202.7325726,0.156361916,0.075114151,75.23271862,0.313747911,0.9721,10.8,2.69473942,0.0277
187.1722364,0.156337051,0.075114151,75.23271862,0.313747911,0.9631,14.6,2.487910046,0.0138
187.1722364,0.156361916,0.074353045,75.23271862,0.313747911,0.9692,16.8,2.487910046,0.0108
187.1722364,0.156361916,0.075114151,86.45196795,0.313747911,0.8478,15.1,2.165043097,0.0147
187.1722364,0.156361916,0.075114151,75.23271862,0.283506893,0.8939,9.8,2.487910046,0.0088
187.1722364,0.156337051,0.074353045,86.45196795,0.283506893,0.7885,8,2.165043097,0.0026
202.7325726,0.156361916,0.074353045,86.45196795,0.283506893,0.8015,15.7,2.34503132,0.0022
202.7325726,0.156337051,0.075114151,86.45196795,0.283506893,0.7952,11.5,2.34503132,0.0052
202.7325726,0.156337051,0.074353045,75.23271862,0.283506893,0.9148,14.3,2.69473942,0.0074
202.7325726,0.156337051,0.074353045,86.45196795,0.313747911,0.8658,11.6,2.34503132,0.0047
202.7325726,0.156337051,0.074353045,86.45196795,0.283506893,0.8017,23.7,2.34503132,0.004
183.0600715,0.138440951,0.065324491,93.28916073,0.283936924,0.848,11.8,1.962286615,0.0028
179.0966761,0.138440951,0.065324491,93.28916073,0.283936924,0.843,13.3,1.919801558,0.0066
183.0600715,0.137236264,0.065324491,93.28916073,0.283936924,0.8502,14.8,1.962286615,0.0017
183.0600715,0.138440951,0.063201716,93.28916073,0.283936924,0.8717,13.2,1.962286615,0.0006
183.0600715,0.138440951,0.065324491,82.7579689,0.283936924,0.9468,11.9,2.211993285,0.0083
183.0600715,0.138440951,0.065324491,93.28916073,0.313593149,0.9168,13.8,1.962286615,0.0026
183.0600715,0.137236264,0.063201716,82.7579689,0.313593149,0.9987,363.7,2.211993285,0.0316
179.0966761,0.138440951,0.063201716,82.7579689,0.313593149,0.9984,432.9,2.16410188,0.0158
179.0966761,0.137236264,0.065324491,82.7579689,0.313593149,0.9949,323,2.16410188,0.0098
179.0966761,0.137236264,0.063201716,93.28916073,0.313593149,0.9385,17,1.919801558,0.005
179.0966761,0.137236264,0.063201716,82.7579689,0.283936924,0.9663,10.9,2.16410188,0.0047
179.0966761,0.137236264,0.063201716,82.7579689,0.313593149,0.9985,473.1,2.16410188,0.0184
178.7899888,0.154636879,0.06484985,90.76998949,0.286720082,0.8476,13.4,1.969703751,0.0021
166.9377628,0.154636879,0.06484985,90.76998949,0.286720082,0.83,11.8,1.839129471,0.0025
178.7899888,0.151050136,0.06484985,90.76998949,0.286720082,0.8542,12,1.969703751,0.0142
178.7899888,0.154636879,0.070848058,90.76998949,0.286720082,0.7856,22.8,1.969703751,0.0028
178.7899888,0.154636879,0.06484985,89.81210828,0.286720082,0.8563,12.2,1.990711411,0.0007
178.7899888,0.154636879,0.06484985,90.76998949,0.298737024,0.8765,16.3,1.969703751,0.0064
178.7899888,0.151050136,0.070848058,89.81210828,0.298737024,0.8275,18.2,1.990711411,0.0011
166.9377628,0.154636879,0.070848058,89.81210828,0.298737024,0.8047,16.4,1.858744506,0.0035
166.9377628,0.151050136,0.06484985,89.81210828,0.298737024,0.8747,12.3,1.858744506,0.0126
166.9377628,0.151050136,0.070848058,90.76998949,0.298737024,0.8028,12.4,1.839129471,0.0229
166.9377628,0.151050136,0.070848058,89.81210828,0.286720082,0.7832,9.2,1.858744506,0.0059
166.9377628,0.151050136,0.070848058,89.81210828,0.298737024,0.811,16.6,1.858744506,0.0017
190.9685707,0.130488253,0.074629738,77.59533823,0.315906365,0.9885,180.9,2.461083038,0.0371
191.1206865,0.130488253,0.074629738,77.59533823,0.315906365,0.9885,194.1,2.463043411,0.0228
190.9685707,0.130074429,0.074629738,77.59533823,0.315906365,0.9889,205.4,2.461083038,0.0246
190.9685707,0.130488253,0.061687479,77.59533823,0.315906365,0.9999,600.8,2.461083038,0.8433
190.9685707,0.130488253,0.074629738,80.95727742,0.315906365,0.9613,9,2.358880842,0.012
190.9685707,0.130488253,0.074629738,77.59533823,0.308654807,0.9786,12.9,2.461083038,0.0407
190.9685707,0.130074429,0.061687479,80.95727742,0.308654807,0.9997,651.5,2.358880842,0.0338
191.1206865,0.130488253,0.061687479,80.95727742,0.308654807,0.9997,496.9,2.360759806,0.0371
191.1206865,0.130074429,0.074629738,80.95727742,0.308654807,0.9479,11.9,2.360759806,0.0133
191.1206865,0.130074429,0.061687479,77.59533823,0.308654807,0.9999,756.3,2.463043411,1.1387
191.1206865,0.130074429,0.061687479,80.95727742,0.315906365,0.9997,700.8,2.360759806,3.1773
191.1206865,0.130074429,0.061687479,80.95727742,0.308654807,0.9997,533.2,2.360759806,0.0361
198.3450198,0.160191882,0.06756173,85.01438022,0.301889665,0.9156,14.2,2.333076114,0.0008
198.6557603,0.160191882,0.06756173,85.01438022,0.301889665,0.9158,16.1,2.336731266,0.0091
198.3450198,0.164120338,0.06756173,85.01438022,0.301889665,0.9082,8.4,2.333076114,0.0154
198.3450198,0.160191882,0.069263002,85.01438022,0.301889665,0.8972,16,2.333076114,0.001
198.3450198,0.160191882,0.06756173,79.67452437,0.301889665,0.9673,16.1,2.489440902,0.014
198.3450198,0.160191882,0.06756173,85.01438022,0.318535123,0.9502,12.4,2.333076114,0.0017
198.3450198,0.164120338,0.069263002,79.67452437,0.318535123,0.9755,15.4,2.489440902,0.0111
198.6557603,0.160191882,0.069263002,79.67452437,0.318535123,0.9812,14,2.493341025,0.0156
198.6557603,0.164120338,0.06756173,79.67452437,0.318535123,0.988,13.9,2.493341025,0.006
198.6557603,0.164120338,0.069263002,85.01438022,0.318535123,0.9252,15.9,2.336731266,0.0032
198.6557603,0.164120338,0.069263002,79.67452437,0.301889665,0.9438,13.5,2.493341025,0.0226
198.6557603,0.164120338,0.069263002,79.67452437,0.318535123,0.9757,15.6,2.493341025,0.0118
171.7352903,0.144927126,0.07793793,83.18737268,0.290443623,0.8036,9.5,2.064439406,0.0068
184.4039476,0.144927126,0.07793793,83.18737268,0.290443623,0.8197,9.3,2.216730035,0.0025
171.7352903,0.144472485,0.07793793,83.18737268,0.290443623,0.8043,11.3,2.064439406,0.0054
171.7352903,0.144927126,0.078267342,83.18737268,0.290443623,0.8002,12.1,2.064439406,0.0111
171.7352903,0.144927126,0.07793793,90.78549147,0.290443623,0.7377,13.6,1.891660083,0.0021
171.7352903,0.144927126,0.07793793,83.18737268,0.288448046,0.799,10.3,2.064439406,0.0044
171.7352903,0.144472485,0.078267342,90.78549147,0.288448046,0.7308,13.8,1.891660083,0.0019
184.4039476,0.144927126,0.078267342,90.78549147,0.288448046,0.7451,9.9,2.031205037,0.0029
184.4039476,0.144472485,0.07793793,90.78549147,0.288448046,0.749,11.8,2.031205037,0.0032
184.4039476,0.144472485,0.078267342,83.18737268,0.288448046,0.8122,8.9,2.216730035,0.0041
184.4039476,0.144472485,0.078267342,90.78549147,0.290443623,0.75,22.6,2.031205037,0.0109
184.4039476,0.144472485,0.078267342,90.78549147,0.288448046,0.7457,10.4,2.031205037,0.0007
170.0591809,0.162275822,0.06182851,94.08369899,0.310629339,0.8828,14.9,1.80753077,0.021
192.2921395,0.162275822,0.06182851,94.08369899,0.310629339,0.9079,9.6,2.043841192,0.0035
170.0591809,0.132946655,0.06182851,94.08369899,0.310629339,0.9372,15.3,1.80753077,0.0005
170.0591809,0.162275822,0.069625075,94.08369899,0.310629339,0.7973,11,1.80753077,0.0048
170.0591809,0.162275822,0.06182851,93.3859241,0.310629339,0.889,12.8,1.821036548,0.0166
170.0591809,0.162275822,0.06182851,94.08369899,0.316973712,0.8972,9.4,1.80753077,0.0008
170.0591809,0.132946655,0.069625075,93.3859241,0.316973712,0.8698,21,1.821036548,0.0198
192.2921395,0.162275822,0.069625075,93.3859241,0.316973712,0.8403,11.6,2.05911267,0.0016
192.2921395,0.132946655,0.06182851,93.3859241,0.316973712,0.9763,10.1,2.05911267,0.0061
192.2921395,0.132946655,0.069625075,94.08369899,0.316973712,0.8879,10,2.043841192,0.0015
192.2921395,0.132946655,0.069625075,93.3859241,0.310629339,0.8808,10.7,2.05911267,0.0043
192.2921395,0.132946655,0.069625075,93.3859241,0.316973712,0.8941,10.2,2.05911267,0.001
199.6994519,0.142520941,0.071423013,77.23817065,0.281685662,0.9421,12.6,2.585502094,0.0052
165.9188941,0.142520941,0.071423013,77.23817065,0.281685662,0.9007,8.8,2.148146347,0.0013
199.6994519,0.153141303,0.071423013,77.23817065,0.281685662,0.9225,9.5,2.585502094,0.0005
199.6994519,0.142520941,0.077846714,77.23817065,0.281685662,0.8793,11.5,2.585502094,0.0004
199.6994519,0.142520941,0.071423013,77.07469955,0.281685662,0.9438,13.1,2.590985798,0.0041
199.6994519,0.142520941,0.071423013,77.23817065,0.286903723,0.9541,15.2,2.585502094,0.0162
199.6994519,0.153141303,0.077846714,77.07469955,0.286903723,0.8738,9.6,2.590985798,0.0128
165.9188941,0.142520941,0.077846714,77.07469955,0.286903723,0.8526,8.7,2.152702444,0.003
165.9188941,0.153141303,0.071423013,77.07469955,0.286903723,0.8961,15.2,2.152702444,0.003
165.9188941,0.153141303,0.077846714,77.23817065,0.286903723,0.8317,11.6,2.148146347,0.004
165.9188941,0.153141303,0.077846714,77.07469955,0.281685662,0.8205,6.9,2.152702444,0.0096
165.9188941,0.153141303,0.077846714,77.07469955,0.286903723,0.8334,9,2.152702444,0.0049
192.0758247,0.152817292,0.065761132,89.81977701,0.295486571,0.8844,11.3,2.138458045,0.0232
183.3839345,0.152817292,0.065761132,89.81977701,0.295486571,0.8753,11.8,2.041687706,0.0009
192.0758247,0.14222505,0.065761132,89.81977701,0.295486571,0.904,11.9,2.138458045,0.0017
192.0758247,0.152817292,0.070583681,89.81977701,0.295486571,0.8332,15.7,2.138458045,0.0055
192.0758247,0.152817292,0.065761132,83.52411866,0.295486571,0.9442,10.5,2.299645034,0.0052
192.0758247,0.152817292,0.065761132,89.81977701,0.29716123,0.8884,10.3,2.138458045,0.023
192.0758247,0.14222505,0.070583681,83.52411866,0.29716123,0.9165,9.7,2.299645034,0.0009
183.3839345,0.152817292,0.070583681,83.52411866,0.29716123,0.888,12.6,2.195580599,0.0157
183.3839345,0.14222505,0.065761132,83.52411866,0.29716123,0.9585,12.1,2.195580599,0.0079
183.3839345,0.14222505,0.070583681,89.81977701,0.29716123,0.8475,12.7,2.041687706,0.0009
183.3839345,0.14222505,0.070583681,83.52411866,0.295486571,0.9038,9.7,2.195580599,0.0165
183.3839345,0.14222505,0.070583681,83.52411866,0.29716123,0.9078,9.6,2.195580599,0.0109
178.0044055,0.131985555,0.07601054,81.6656673,0.307160568,0.907,9.4,2.179672455,0.008
199.8259163,0.131985555,0.07601054,81.6656673,0.307160568,0.9271,11.3,2.446877898,0.0269
178.0044055,0.161404419,0.07601054,81.6656673,0.307160568,0.8526,14.1,2.179672455,0.0036
178.0044055,0.131985555,0.061893301,81.6656673,0.307160568,0.9994,392.9,2.179672455,0.002
178.0044055,0.131985555,0.07601054,87.24709988,0.307160568,0.8518,10.5,2.040232922,0.0012
178.0044055,0.131985555,0.07601054,81.6656673,0.307086334,0.9068,9.4,2.179672455,0.0086
178.0044055,0.161404419,0.061893301,87.24709988,0.307086334,0.9486,13.2,2.040232922,0.0159
199.8259163,0.131985555,0.061893301,87.24709988,0.307086334,0.9953,596.1,2.290344511,0.0163
199.8259163,0.161404419,0.07601054,87.24709988,0.307086334,0.8186,13.9,2.290344511,0.0067
199.8259163,0.161404419,0.061893301,81.6656673,0.307086334,0.9964,14.7,2.446877898,0.0179
199.8259163,0.161404419,0.061893301,87.24709988,0.307160568,0.9664,13.5,2.290344511,0.0125
199.8259163,0.161404419,0.061893301,87.24709988,0.307086334,0.9663,13.5,2.290344511,0.0178
183.8955343,0.156111777,0.074285854,84.26299453,0.304982641,0.8552,14.3,2.182399704,0.0001
186.3597918,0.156111777,0.074285854,84.26299453,0.304982641,0.8577,14.3,2.21164454,0.0003
183.8955343,0.145007061,0.074285854,84.26299453,0.304982641,0.8758,9.6,2.182399704,0.0109
183.8955343,0.156111777,0.074539336,84.26299453,0.304982641,0.8534,13.6,2.182399704,0.0141
183.8955343,0.156111777,0.074285854,80.16305327,0.304982641,0.8968,10.8,2.294018588,0.0172
183.8955343,0.156111777,0.074285854,84.26299453,0.281923813,0.8024,11.4,2.182399704,0.0046
183.8955343,0.145007061,0.074539336,80.16305327,0.281923813,0.8608,9.2,2.294018588,0.0109
186.3597918,0.156111777,0.074539336,80.16305327,0.281923813,0.8429,9.8,2.324759152,0.0072
186.3597918,0.145007061,0.074285854,80.16305327,0.281923813,0.8655,8.6,2.324759152,0.0026
186.3597918,0.145007061,0.074539336,84.26299453,0.281923813,0.8231,9.7,2.21164454,0.0038
186.3597918,0.145007061,0.074539336,80.16305327,0.304982641,0.9181,9.2,2.324759152,0.0012
186.3597918,0.145007061,0.074539336,80.16305327,0.281923813,0.8635,9.2,2.324759152,0.0021
186.0333681,0.139013335,0.064026687,87.37900257,0.292683938,0.9402,11.1,2.129039731,0.0045
170.620783,0.139013335,0.064026687,87.37900257,0.292683938,0.9205,11.5,1.952651987,0.0049
186.0333681,0.166061351,0.064026687,87.37900257,0.292683938,0.8894,12,2.129039731,0.0153
186.0333681,0.139013335,0.062917807,87.37900257,0.292683938,0.9524,11.3,2.129039731,0.0085
186.0333681,0.139013335,0.064026687,89.04749632,0.292683938,0.9248,9.7,2.089147655,0.0025
186.0333681,0.139013335,0.064026687,87.37900257,0.311992981,0.9791,9.4,2.129039731,0.0286
186.0333681,0.166061351,0.062917807,89.04749632,0.311992981,0.9308,12.6,2.089147655,0.0005
170.620783,0.139013335,0.062917807,89.04749632,0.311992981,0.962,12.6,1.916064909,0.0045
170.620783,0.166061351,0.064026687,89.04749632,0.311992981,0.8996,12.6,1.916064909,0.0173
170.620783,0.166061351,0.062917807,87.37900257,0.311992981,0.9283,12.7,1.952651987,0.0005
170.620783,0.166061351,0.062917807,89.04749632,0.292683938,0.866,10.9,1.916064909,0.0035
170.620783,0.166061351,0.062917807,89.04749632,0.311992981,0.9124,13.1,1.916064909,0.011
203.4030509,0.169303532,0.078125716,79.95269358,0.288902375,0.8179,18.1,2.544042505,0.0205
178.0765867,0.169303532,0.078125716,79.95269358,0.288902375,0.7944,13.6,2.227274389,0.001
203.4030509,0.139520169,0.078125716,79.95269358,0.288902375,0.8729,8.6,2.544042505,0.0011
203.4030509,0.169303532,0.065493646,79.95269358,0.288902375,0.945,19.5,2.544042505,0.002
203.4030509,0.169303532,0.078125716,90.34038663,0.288902375,0.7258,18.6,2.25151849,0.0028
203.4030509,0.169303532,0.078125716,79.95269358,0.302067084,0.8463,18.8,2.544042505,0.0052
203.4030509,0.139520169,0.065493646,90.34038663,0.302067084,0.9304,11.1,2.25151849,0.0158
178.0765867,0.169303532,0.065493646,90.34038663,0.302067084,0.8514,9.5,1.971173618,0.0036
178.0765867,0.139520169,0.078125716,90.34038663,0.302067084,0.7812,13.2,1.971173618,0.0043
178.0765867,0.139520169,0.065493646,79.95269358,0.302067084,0.9936,285.2,2.227274389,0.0186
178.0765867,0.139520169,0.065493646,90.34038663,0.288902375,0.876,12.8,1.971173618,0.0006
178.0765867,0.139520169,0.065493646,90.34038663,0.302067084,0.9077,14.1,1.971173618,0.0045
166.8291767,0.145815496,0.06854099,91.83822989,0.318471348,0.8706,8.1,1.816554793,0
203.9028049,0.145815496,0.06854099,91.83822989,0.318471348,0.9066,12.5,2.220238838,0.001
166.8291767,0.159089744,0.06854099,91.83822989,0.318471348,0.8461,12.1,1.816554793,0.0015
166.8291767,0.145815496,0.076958915,91.83822989,0.318471348,0.7869,9.2,1.816554793,0.0024
166.8291767,0.145815496,0.06854099,79.18090612,0.318471348,0.9881,11.8,2.106936948,0.0109
166.8291767,0.145815496,0.06854099,91.83822989,0.292141122,0.8103,11.7,1.816554793,0.0075
166.8291767,0.159089744,0.076958915,79.18090612,0.292141122,0.8223,11.6,2.106936948,0.0167
203.9028049,0.145815496,0.076958915,79.18090612,0.292141122,0.8874,8.7,2.575151193,0.0042
203.9028049,0.159089744,0.06854099,79.18090612,0.292141122,0.9478,9.3,2.575151193,0.0041
203.9028049,0.159089744,0.076958915,91.83822989,0.292141122,0.7471,13.2,2.220238838,0.0164
203.9028049,0.159089744,0.076958915,79.18090612,0.318471348,0.9182,10.5,2.575151193,0.0007
203.9028049,0.159089744,0.076958915,79.18090612,0.292141122,0.8626,9.6,2.575151193,0.0154
168.1690806,0.152307203,0.079113668,86.20390892,0.283676479,0.734,13,1.950828944,0.0187
197.4240375,0.152307203,0.079113668,86.20390892,0.283676479,0.7659,9.2,2.290198205,0.0125
168.1690806,0.148954728,0.079113668,86.20390892,0.283676479,0.7393,15.8,1.950828944,0.0108
168.1690806,0.152307203,0.072957357,86.20390892,0.283676479,0.7867,10.8,1.950828944,0.0013
168.1690806,0.152307203,0.079113668,81.35614812,0.283676479,0.7769,9.5,2.067072797,0.0103
168.1690806,0.152307203,0.079113668,86.20390892,0.309296374,0.7892,15.1,1.950828944,0.0037
168.1690806,0.148954728,0.072957357,81.35614812,0.309296374,0.9003,10,2.067072797,0.0033
197.4240375,0.152307203,0.072957357,81.35614812,0.309296374,0.9259,10.7,2.42666402,0.0075
197.4240375,0.148954728,0.079113668,81.35614812,0.309296374,0.8722,10.2,2.42666402,0.0003
197.4240375,0.148954728,0.072957357,86.20390892,0.309296374,0.8837,9.3,2.290198205,0.0012
197.4240375,0.148954728,0.072957357,81.35614812,0.283676479,0.8739,10,2.42666402,0.0013
197.4240375,0.148954728,0.072957357,81.35614812,0.309296374,0.9321,9.7,2.42666402,0.0194
201.5987301,0.132572567,0.068903482,83.08945477,0.313951018,0.9878,137.4,2.426285389,0.0138
180.7479823,0.132572567,0.068903482,83.08945477,0.313951018,0.978,9.5,2.175342019,0.0074
201.5987301,0.169930477,0.068903482,83.08945477,0.313951018,0.9298,14.7,2.426285389,0.0158
201.5987301,0.132572567,0.06457818,83.08945477,0.313951018,0.9985,383.1,2.426285389,0.0215
201.5987301,0.132572567,0.068903482,87.54007101,0.313951018,0.9547,10.9,2.302930849,0.0336
201.5987301,0.132572567,0.068903482,83.08945477,0.299366214,0.9658,12.1,2.426285389,0.0268
201.5987301,0.169930477,0.06457818,87.54007101,0.299366214,0.9024,10.9,2.302930849,0.0015
180.7479823,0.132572567,0.06457818,87.54007101,0.299366214,0.953,11.8,2.064745666,0.0376
180.7479823,0.169930477,0.068903482,87.54007101,0.299366214,0.8364,17.1,2.064745666,0.0133
180.7479823,0.169930477,0.06457818,83.08945477,0.299366214,0.927,12.9,2.175342019,0.0008
180.7479823,0.169930477,0.06457818,87.54007101,0.313951018,0.9171,12.2,2.064745666,0.0207
180.7479823,0.169930477,0.06457818,87.54007101,0.299366214,0.8833,12.4,2.064745666,0.0076
188.9659286,0.162863431,0.073319722,90.51666141,0.307596214,0.8053,11.8,2.087636968,0.0051
168.2036006,0.162863431,0.073319722,90.51666141,0.307596214,0.7816,12.4,1.858261209,0.0044
188.9659286,0.135884488,0.073319722,90.51666141,0.307596214,0.8538,9.7,2.087636968,0.0002
188.9659286,0.162863431,0.066997454,90.51666141,0.307596214,0.87,12.1,2.087636968,0.0182
188.9659286,0.162863431,0.073319722,91.8038857,0.307596214,0.7943,11.7,2.058365255,0.0033
188.9659286,0.162863431,0.073319722,90.51666141,0.289068837,0.7663,9.9,2.087636968,0.0009
188.9659286,0.135884488,0.066997454,91.8038857,0.289068837,0.8663,12.5,2.058365255,0.0219
168.2036006,0.162863431,0.066997454,91.8038857,0.289068837,0.7907,6.5,1.832205678,0.0229
168.2036006,0.135884488,0.073319722,91.8038857,0.289068837,0.7764,22.4,1.832205678,0.0148
168.2036006,0.135884488,0.066997454,90.51666141,0.289068837,0.8504,10.3,1.858261209,0.0182
168.2036006,0.135884488,0.066997454,91.8038857,0.307596214,0.8829,10.7,1.832205678,0.006
168.2036006,0.135884488,0.066997454,91.8038857,0.289068837,0.839,12.9,1.832205678,0.0283
181.1051309,0.142012658,0.063686321,78.63266021,0.299738429,0.9985,580.6,2.303179499,0.0123
194.9671602,0.142012658,0.063686321,78.63266021,0.299738429,0.999,517.5,2.479467943,0.0133
181.1051309,0.155532451,0.063686321,78.63266021,0.299738429,0.9946,14.8,2.303179499,0.0195
181.1051309,0.142012658,0.075532891,78.63266021,0.299738429,0.9121,7.7,2.303179499,0.0073
181.1051309,0.142012658,0.063686321,78.0317381,0.299738429,0.999,542.2,2.320916275,0.0161
181.1051309,0.142012658,0.063686321,78.63266021,0.319143574,0.9998,500.4,2.303179499,0.0121
181.1051309,0.155532451,0.075532891,78.0317381,0.319143574,0.9366,11,2.320916275,0.0102
194.9671602,0.142012658,0.075532891,78.0317381,0.319143574,0.9708,13,2.498562315,0.001
194.9671602,0.155532451,0.063686321,78.0317381,0.319143574,0.9997,365.7,2.498562315,0.063
194.9671602,0.155532451,0.075532891,78.63266021,0.319143574,0.9418,9.5,2.479467943,0.0071
194.9671602,0.155532451,0.075532891,78.0317381,0.299738429,0.907,8.8,2.498562315,0.0149
194.9671602,0.155532451,0.075532891,78.0317381,0.319143574,0.9481,10.6,2.498562315,0.0136
176.9963074,0.166138389,0.066649132,76.07344367,0.2919355,0.9619,19.7,2.32665039,0.0065
201.5009117,0.166138389,0.066649132,76.07344367,0.2919355,0.9809,11.2,2.648768111,0.0277
176.9963074,0.131815911,0.066649132,76.07344367,0.2919355,0.9977,227.8,2.32665039,0.0177
176.9963074,0.166138389,0.067886853,76.07344367,0.2919355,0.9484,13.5,2.32665039,0.0007
176.9963074,0.166138389,0.066649132,94.38336253,0.2919355,0.7864,8.9,1.875291393,0.0164
176.9963074,0.166138389,0.066649132,76.07344367,0.294307511,0.9672,18.5,2.32665039,0.0013
176.9963074,0.131815911,0.067886853,94.38336253,0.294307511,0.8395,14.3,1.875291393,0.0204
201.5009117,0.166138389,0.067886853,94.38336253,0.294307511,0.8016,8.9,2.134919824,0.0064
201.5009117,0.131815911,0.066649132,94.38336253,0.294307511,0.8777,9.9,2.134919824,0.0031
201.5009117,0.131815911,0.067886853,76.07344367,0.294307511,0.9985,391.9,2.648768111,0.0141
201.5009117,0.131815911,0.067886853,94.38336253,0.2919355,0.8582,10.2,2.134919824,0.0027
201.5009117,0.131815911,0.067886853,94.38336253,0.294307511,0.8637,10.1,2.134919824,0.0089
192.9235005,0.149059967,0.076272781,92.91932464,0.300418582,0.7705,12,2.076247339,0.003
175.4406297,0.149059967,0.076272781,92.91932464,0.300418582,0.7532,12.4,1.888096264,0.0129
192.9235005,0.152088802,0.076272781,92.91932464,0.300418582,0.7654,12.8,2.076247339,0.0008
192.9235005,0.149059967,0.079663326,92.91932464,0.300418582,0.7416,12.6,2.076247339,0.0048
192.9235005,0.149059967,0.076272781,75.76293029,0.300418582,0.9357,9.7,2.546410227,0.0102
192.9235005,0.149059967,0.076272781,92.91932464,0.304238186,0.7782,13.4,2.076247339,0.0119
192.9235005,0.152088802,0.079663326,75.76293029,0.304238186,0.9062,7.9,2.546410227,0.0094
175.4406297,0.149059967,0.079663326,75.76293029,0.304238186,0.8931,9.7,2.315652642,0.0012
175.4406297,0.152088802,0.076272781,75.76293029,0.304238186,0.9202,10.1,2.315652642,0.0027
175.4406297,0.152088802,0.079663326,92.91932464,0.304238186,0.7276,12.9,1.888096264,0.0024
175.4406297,0.152088802,0.079663326,75.76293029,0.300418582,0.8786,8.7,2.315652642,0.0037
175.4406297,0.152088802,0.079663326,75.76293029,0.304238186,0.8875,10.9,2.315652642,0.0047
195.3022814,0.159354429,0.060918688,80.33491552,0.316792731,0.9996,521.6,2.43110085,0.0386
172.9054743,0.159354429,0.060918688,80.33491552,0.316792731,0.9994,525.5,2.152307912,0.0184
195.3022814,0.143667893,0.060918688,80.33491552,0.316792731,0.9998,683.1,2.43110085,1.0914
195.3022814,0.159354429,0.071931247,80.33491552,0.316792731,0.9482,11.1,2.43110085,0.0053
195.3022814,0.159354429,0.060918688,84.87008691,0.316792731,0.9967,12.6,2.301191014,0.0016
195.3022814,0.159354429,0.060918688,80.33491552,0.314201744,0.9995,403.4,2.43110085,0.0527
195.3022814,0.143667893,0.071931247,84.87008691,0.314201744,0.9265,9.7,2.301191014,0.0036
172.9054743,0.159354429,0.071931247,84.87008691,0.314201744,0.8744,16.3,2.037295832,0.0019
172.9054743,0.143667893,0.060918688,84.87008691,0.314201744,0.9975,527,2.037295832,0.0189
172.9054743,0.143667893,0.071931247,80.33491552,0.314201744,0.9498,11,2.152307912,0.0082
172.9054743,0.143667893,0.071931247,84.87008691,0.316792731,0.9096,10.7,2.037295832,0.0008
172.9054743,0.143667893,0.071931247,84.87008691,0.314201744,0.9038,10.7,2.037295832,0.0005
174.9390477,0.135847606,0.071138647,88.48939657,0.285893488,0.8287,15.7,1.976949267,0.0027
189.0348077,0.135847606,0.071138647,88.48939657,0.285893488,0.8457,10.2,2.136242477,0.0028
174.9390477,0.162768562,0.071138647,88.48939657,0.285893488,0.7809,12.2,1.976949267,0.0039
174.9390477,0.135847606,0.060623515,88.48939657,0.285893488,0.945,13.7,1.976949267,0.0003
174.9390477,0.135847606,0.071138647,86.21546268,0.285893488,0.8497,10.6,2.029091328,0.0039
174.9390477,0.135847606,0.071138647,88.48939657,0.28412756,0.8243,10.9,1.976949267,0.0034
174.9390477,0.162768562,0.060623515,86.21546268,0.28412756,0.9115,14,2.029091328,0.0011
189.0348077,0.135847606,0.060623515,86.21546268,0.28412756,0.9749,17.2,2.192585898,0.0172
189.0348077,0.162768562,0.071138647,86.21546268,0.28412756,0.8135,14,2.192585898,0.0024
189.0348077,0.162768562,0.060623515,88.48939657,0.28412756,0.9074,17.9,2.136242477,0.0048
189.0348077,0.162768562,0.060623515,86.21546268,0.285893488,0.9333,13.5,2.192585898,0.0028
189.0348077,0.162768562,0.060623515,86.21546268,0.28412756,0.9289,23.3,2.192585898,0.0062
